222,88,213,120,210,220,232,275,258,373,203,218,184,294,149,355
222,88,213,120,210,221,233,275,258,373,204,219,184,294,149,355
222,88,213,120,210,220,233,275,258,373,202,218,184,294,149,355
222,88,213,120,210,218,233,294,258,373,202,217,184,294,149,355
223,88,213,120,211,218,233,294,258,373,204,215,184,294,149,355
223,88,213,120,210,217,233,294,258,373,204,214,184,294,149,355
219,82,213,120,210,218,233,294,258,373,203,216,184,294,149,355
219,82,213,120,212,217,233,294,258,373,205,216,184,294,149,355
227,82,212,120,212,217,234,294,258,373,205,216,184,293,150,354
226,82,212,120,211,217,233,294,258,373,206,216,184,293,152,353
226,82,211,120,209,213,233,294,258,373,209,213,184,293,153,353
225,83,209,120,211,213,233,294,258,373,211,213,184,292,154,350
225,84,214,118,212,212,233,293,258,373,212,212,184,292,154,349
224,84,214,118,213,212,234,292,258,373,213,212,185,291,155,349
224,84,213,117,213,211,235,292,258,373,213,211,185,290,156,348
225,84,211,116,213,210,236,292,258,373,213,210,187,290,156,347
226,82,210,115,213,209,237,290,258,373,213,209,188,288,157,347
228,75,209,114,213,208,237,286,258,373,216,208,189,286,157,346
228,73,209,113,213,208,237,286,258,373,217,206,190,286,157,346
228,73,209,112,214,206,238,286,258,373,217,206,192,286,158,346
228,74,210,112,214,208,238,286,257,373,217,206,192,286,158,346
229,73,210,112,216,208,238,285,257,373,216,206,192,286,158,346
230,74,212,112,216,208,239,285,258,373,217,207,192,286,158,346
229,75,220,112,217,208,239,285,257,373,217,207,192,286,158,346
229,75,220,112,217,209,239,286,257,373,211,210,192,286,158,346
228,74,221,112,217,211,239,286,258,374,212,211,192,287,157,346
226,75,221,112,217,213,239,286,258,374,212,212,192,289,157,347
225,75,221,112,216,217,238,286,258,374,210,213,192,290,156,347
232,82,222,112,216,217,238,286,258,374,208,214,192,291,156,347
233,81,222,113,217,216,239,286,258,374,206,214,192,292,157,347
234,82,222,114,216,217,239,289,258,374,206,214,192,292,156,347
235,83,222,115,217,217,239,286,257,374,206,214,190,293,156,347
237,82,220,114,218,218,239,286,257,374,207,213,189,292,156,347
240,83,229,113,220,213,240,289,257,374,208,212,189,289,156,347
244,75,230,113,220,213,240,290,257,374,208,211,189,286,157,347
245,75,230,113,220,212,240,290,257,374,209,210,188,285,157,346
240,74,229,113,221,211,240,290,257,374,210,209,189,284,157,345
248,74,236,112,221,210,240,290,257,374,212,208,192,284,157,340
248,74,236,112,221,212,240,291,257,374,212,210,192,284,156,338
248,74,237,112,220,212,240,292,257,374,213,210,192,284,156,338
248,74,237,112,222,212,240,291,257,374,212,209,192,283,157,339
249,75,237,112,222,214,240,291,257,374,211,209,192,284,157,341
249,76,236,112,222,213,240,291,257,374,213,211,190,285,157,345
248,82,228,114,220,214,240,290,257,374,215,213,189,285,157,346
246,84,226,115,219,214,240,290,257,374,214,211,188,285,156,346
245,85,227,116,218,212,240,289,257,374,212,212,187,286,156,346
242,85,230,116,217,210,239,285,257,374,214,210,185,288,156,347
241,85,230,116,215,209,238,285,257,374,217,209,185,288,155,347
240,85,230,114,214,210,238,285,257,374,214,210,185,289,155,347
240,84,219,114,213,212,239,285,257,374,213,212,185,289,155,347
238,85,219,114,213,213,239,285,257,374,213,213,185,288,155,347
238,85,219,114,213,212,239,285,257,374,213,212,185,288,155,347
237,85,221,113,212,213,239,285,257,374,212,213,186,288,156,347
236,84,222,113,212,213,239,286,257,374,212,213,186,288,156,347
234,84,222,113,212,213,239,285,258,374,212,213,186,289,156,347
234,85,222,113,212,213,239,285,257,374,212,213,186,289,156,347
233,84,221,113,212,212,239,285,258,374,212,212,186,289,155,347
232,84,221,113,212,212,239,285,258,375,212,212,186,289,155,347
232,85,221,113,212,213,239,285,258,375,212,213,186,289,155,347
232,84,220,113,212,212,239,285,258,375,212,212,186,289,155,347
231,83,220,113,212,212,239,285,258,375,212,212,186,289,155,347
231,84,220,113,212,213,238,286,258,375,212,213,186,290,155,347
231,84,220,113,212,213,238,285,258,374,212,213,185,290,155,347
231,83,211,113,212,213,238,285,258,374,212,213,185,290,155,347
231,83,211,113,211,213,238,285,258,375,211,213,186,291,155,347
231,84,210,113,212,212,238,285,258,375,212,212,186,291,155,347
230,84,210,113,212,212,238,285,258,375,212,212,186,291,155,347
230,83,210,113,212,212,238,285,258,375,212,212,185,291,155,347
230,84,210,113,212,211,238,285,258,375,212,211,185,291,155,347
230,84,210,113,212,211,238,285,258,375,212,211,185,292,155,347
230,84,211,113,212,212,238,285,258,375,212,212,185,292,155,348
230,84,211,113,212,211,238,285,258,375,212,211,185,292,155,348
230,84,211,113,212,211,238,286,258,375,212,211,185,292,155,347
230,84,211,114,212,210,238,289,258,375,212,210,185,292,154,348
230,83,213,114,212,209,238,289,258,375,212,209,185,292,154,348
231,84,213,114,213,210,238,289,258,375,213,210,186,292,154,348
231,83,213,113,211,212,238,290,258,375,211,212,185,291,154,348
231,83,214,113,211,210,238,290,258,375,211,210,185,292,154,348
230,83,213,114,210,211,238,289,258,375,210,211,185,292,153,348
230,81,213,114,210,212,238,289,258,375,210,212,185,292,153,348
229,82,213,114,210,211,238,289,258,375,210,211,185,292,153,348
229,83,213,115,210,210,238,289,258,375,210,210,186,292,153,348
228,84,213,114,209,213,238,289,258,375,209,213,186,292,153,348
228,85,213,115,209,213,238,289,258,375,209,213,186,292,153,348
228,85,210,115,210,214,238,289,258,375,206,213,185,292,153,348
226,85,209,115,213,216,239,289,258,375,206,214,186,292,153,348
226,85,211,113,213,216,239,289,258,375,206,214,186,292,153,348
225,84,213,112,213,216,238,286,258,375,207,214,185,292,153,348
225,84,213,112,213,216,238,286,258,375,207,214,185,292,153,348
225,84,212,113,213,216,239,289,258,375,207,214,185,292,153,348
225,85,209,114,213,216,239,288,258,375,206,214,185,292,153,348
225,85,209,115,213,216,238,286,258,375,206,214,185,292,153,348
225,85,213,113,213,216,239,286,258,375,206,214,185,292,153,348
226,84,213,114,210,214,239,286,258,374,206,214,185,292,153,348
228,85,213,114,212,214,239,286,258,374,206,213,184,292,154,348
229,85,213,114,213,214,239,286,258,374,206,214,185,291,154,348
231,84,214,114,213,214,240,288,258,374,207,213,185,290,155,347
232,84,220,113,210,213,240,286,258,374,210,213,185,290,155,347
235,84,221,113,210,212,240,285,258,374,210,212,186,289,155,347
238,84,222,114,217,213,240,285,258,374,209,212,186,289,155,347
240,84,227,113,218,213,241,285,258,374,209,212,187,286,156,347
242,83,229,113,221,212,241,286,258,374,210,212,187,286,156,346
248,83,230,114,222,212,241,287,257,374,210,211,188,285,156,347
250,83,230,116,222,213,241,287,257,374,210,210,188,285,157,346
256,84,236,115,222,212,243,288,257,374,211,210,189,285,157,346
256,89,237,117,222,211,243,289,258,374,212,209,189,285,157,346
257,89,237,120,222,211,243,287,258,374,212,209,189,284,157,346
258,89,239,120,223,212,244,286,258,374,212,209,189,284,157,345
259,89,240,120,223,212,245,286,258,374,213,209,189,284,157,345
260,91,240,120,223,212,245,286,258,374,213,209,189,284,158,345
260,90,240,120,223,212,245,286,258,374,213,209,190,284,157,345
259,90,240,120,223,212,245,286,258,374,213,209,190,284,157,345
258,90,240,120,223,212,245,286,258,374,213,210,190,284,157,345
257,91,238,120,222,212,245,289,258,374,212,210,189,284,156,345
256,91,236,120,222,212,244,288,258,374,212,210,189,285,156,345
253,89,233,120,222,213,244,288,258,374,211,211,188,285,156,345
252,83,234,116,221,213,243,287,258,374,211,211,188,286,156,346
248,88,230,117,221,216,242,286,258,374,210,212,187,286,155,346
241,85,229,117,220,217,241,286,258,374,208,213,186,289,154,347
242,82,228,116,219,216,241,286,258,374,208,213,185,290,153,347
233,84,219,120,219,217,240,286,258,374,206,214,185,291,150,348
236,82,221,117,217,217,240,286,258,374,204,215,184,292,149,348
225,83,214,118,214,219,240,285,258,374,205,216,184,292,149,348
229,83,210,120,213,219,240,285,258,374,204,216,184,293,149,349
228,82,209,120,213,219,240,285,258,374,202,216,184,293,148,349
217,83,209,120,213,218,240,285,258,374,203,217,184,294,148,349
222,82,209,120,212,218,240,285,258,374,203,216,184,294,148,350
222,83,202,121,212,219,239,285,258,374,203,217,184,294,147,352
221,82,203,121,211,219,239,285,258,374,203,217,184,293,147,352
219,82,203,121,212,218,238,285,258,374,203,217,184,294,147,353
218,84,203,120,212,219,238,286,258,374,202,218,184,294,147,353
217,85,202,120,210,218,238,286,258,374,202,217,184,293,147,353
216,85,202,120,210,217,238,286,257,374,204,214,184,293,147,353
216,85,202,120,209,216,238,285,257,374,205,214,184,293,147,353
216,85,201,120,210,216,238,285,257,374,204,216,184,293,147,353
216,84,201,120,209,217,239,285,257,374,204,216,184,293,147,353
216,84,205,117,209,218,239,285,257,374,204,217,184,293,147,353
217,84,202,117,209,219,239,285,257,374,204,217,184,293,147,353
216,85,201,116,210,218,239,285,257,374,204,217,184,293,148,353
216,85,211,114,209,218,239,285,257,374,204,217,184,293,148,353
214,85,208,115,209,218,239,285,257,374,204,217,184,293,148,353
216,85,208,115,210,218,239,285,257,374,203,217,184,293,147,353
216,85,209,114,211,218,239,285,257,374,203,217,184,293,148,353
216,84,210,113,211,219,239,285,257,374,203,217,184,293,148,353
217,85,209,114,211,218,239,286,257,374,203,217,184,293,148,353
218,83,203,117,212,219,239,286,257,374,204,217,184,293,147,352
219,81,201,120,211,219,239,286,257,374,204,218,184,293,148,352
219,81,200,120,211,217,239,286,257,374,204,216,184,293,148,352
220,81,201,120,209,213,239,286,257,374,205,212,184,293,148,352
220,81,201,120,210,216,239,286,257,374,205,216,184,293,148,352
220,81,201,120,211,217,239,285,257,374,205,216,184,293,148,353
220,81,201,121,210,218,239,285,257,374,205,216,184,293,148,353
220,82,201,121,209,215,239,285,257,374,206,214,184,293,148,353
221,81,201,120,210,219,238,286,257,374,204,217,184,293,148,353
221,81,201,120,211,218,238,289,257,374,204,217,184,294,148,353
222,81,201,120,210,218,238,289,257,374,205,217,184,294,148,353
222,81,210,118,210,217,238,289,257,374,206,217,184,293,148,352
222,82,210,114,210,217,239,289,257,374,206,217,184,293,148,352
222,82,212,114,210,218,239,289,257,375,206,217,184,293,148,353
222,81,211,115,210,217,239,289,257,374,206,216,184,293,148,353
222,81,212,115,210,217,239,286,257,374,206,216,184,293,148,353
222,81,211,118,210,217,239,286,258,374,206,216,184,293,148,352
221,81,202,118,210,217,239,289,257,374,206,216,184,293,148,352
222,82,201,120,211,218,239,286,258,375,205,217,184,293,148,352
221,82,201,121,210,218,239,286,258,375,204,217,184,293,148,352
222,82,201,121,210,216,239,286,258,375,205,213,184,293,148,353
222,82,201,121,210,216,239,285,258,375,206,214,184,293,148,353
222,84,202,120,210,217,239,286,258,375,205,216,184,294,148,353
219,84,203,120,211,218,239,286,258,375,203,216,184,294,148,353
218,83,210,120,211,218,239,289,258,375,204,217,184,294,148,353
224,84,211,120,211,219,239,290,258,375,203,217,184,294,148,353
225,84,211,120,211,220,239,291,258,375,203,217,184,294,148,353
226,83,211,120,212,220,239,291,258,375,202,217,184,294,148,353
227,84,212,120,213,220,239,291,258,375,202,218,184,294,148,353
228,89,212,120,213,221,240,291,258,375,202,219,184,294,148,353
230,90,212,120,213,220,240,291,258,375,202,219,184,294,148,353
230,92,214,120,212,220,240,290,258,376,201,218,184,294,148,353
231,92,212,122,213,221,240,289,258,376,202,219,184,294,148,353
233,92,214,122,212,221,240,286,258,376,202,219,184,294,148,353
236,93,219,121,213,222,241,286,258,376,203,220,184,294,148,353
237,93,220,121,214,222,241,286,258,376,204,220,184,294,148,353
239,93,222,121,215,222,241,286,258,376,204,219,184,293,148,353
240,92,222,121,217,222,241,286,258,376,204,219,184,292,149,350
242,92,225,120,218,220,241,286,258,376,205,217,184,289,149,350
243,91,227,120,219,218,241,288,258,376,206,213,184,290,149,347
244,90,227,120,219,218,241,289,258,376,208,213,185,291,149,345
244,90,226,120,220,217,241,289,258,376,208,213,184,291,149,344
243,91,226,120,220,217,241,286,258,376,207,213,184,292,149,346
243,91,222,120,221,218,242,288,258,376,207,216,184,293,148,347
240,91,222,120,219,219,242,286,258,376,207,216,184,294,148,349
239,93,222,120,217,221,243,288,258,376,206,219,184,294,147,349
238,93,221,120,217,221,241,286,258,376,204,221,184,294,148,350
237,93,219,121,217,221,241,286,258,376,204,220,184,294,147,350
236,92,219,120,213,222,241,286,258,376,203,219,184,294,147,350
235,91,218,120,214,222,241,285,258,376,203,218,184,294,147,350
234,92,214,120,214,221,240,284,258,376,203,218,184,294,147,350
233,93,213,120,214,220,240,284,258,376,203,217,184,293,147,350
231,91,213,120,214,219,240,284,258,376,203,216,184,293,147,349
231,90,213,120,214,218,240,284,258,376,203,214,184,293,148,349
231,90,213,120,214,217,240,284,258,375,204,214,184,293,148,349
231,89,212,120,214,217,240,283,258,376,204,214,184,293,148,348
231,89,212,120,214,217,240,283,258,376,205,213,184,293,148,347
231,89,212,120,214,217,240,284,258,376,205,213,185,293,148,347
228,82,213,118,214,217,240,284,258,376,205,213,184,294,148,348
228,82,213,118,214,216,241,284,258,376,205,212,184,294,148,347
228,82,213,118,213,216,241,284,258,375,206,212,184,294,148,347
228,82,212,117,209,212,241,284,258,375,209,212,184,294,149,347
229,82,211,117,209,211,241,283,258,375,209,211,185,294,149,347
230,83,212,120,208,213,241,283,258,375,208,213,185,294,149,347
230,84,212,120,210,214,241,283,258,375,210,214,185,293,148,347
231,85,212,120,210,214,241,283,258,375,210,214,185,293,148,347
230,84,211,120,211,213,241,283,258,375,211,213,185,293,148,347
230,84,212,120,211,213,241,284,258,375,211,213,185,293,148,347
230,83,211,120,211,212,241,284,258,375,211,212,185,293,148,347
229,82,211,120,211,213,241,284,258,375,211,213,185,293,147,347
228,83,211,120,211,213,241,284,258,375,211,213,185,293,148,347
227,83,212,120,211,212,241,284,258,375,211,212,185,293,148,347
227,83,211,117,210,212,241,284,258,374,210,212,185,293,147,348
227,83,211,117,209,212,240,284,258,374,209,212,184,293,147,348
226,82,212,117,211,216,240,284,257,374,209,212,184,293,147,348
227,83,213,117,212,216,240,284,257,374,209,213,184,293,147,347
228,83,213,117,211,216,240,284,257,374,209,213,184,293,147,347
229,82,213,116,211,216,240,284,257,374,209,213,184,293,147,347
229,82,213,117,211,216,240,284,257,374,209,213,184,293,147,347
229,82,213,117,211,216,240,284,257,374,208,214,184,293,147,348
228,83,213,117,211,216,240,284,257,374,208,214,184,293,146,348
228,83,213,118,211,216,240,284,257,374,208,214,184,294,146,348
229,83,213,118,211,216,240,284,257,374,208,214,184,294,146,348
229,83,213,118,211,216,240,284,257,374,208,214,184,294,146,348
229,83,213,118,210,216,240,284,257,374,208,214,184,294,146,348
229,84,213,118,210,216,240,284,257,374,208,214,184,294,146,348
224,90,213,118,210,216,240,284,257,374,208,214,184,294,146,348
224,90,213,118,210,216,240,284,257,374,208,214,184,294,146,348
224,90,212,120,210,216,240,284,257,374,208,215,184,294,146,348
223,89,213,120,210,217,240,284,257,374,206,216,184,294,146,348
223,90,213,120,210,217,240,284,257,374,206,216,184,294,146,348
223,90,213,120,210,217,240,284,257,374,206,216,184,294,146,348
223,90,213,120,210,217,240,284,257,374,206,216,184,294,146,348
223,91,214,120,210,217,240,284,257,374,206,216,184,294,146,348
224,92,214,120,210,217,240,284,257,374,206,216,184,294,146,348
224,92,214,120,210,217,240,284,257,374,206,216,184,294,146,348
224,92,213,120,210,217,240,284,257,374,206,216,184,294,146,348
223,91,213,120,210,218,240,284,257,374,206,217,184,294,145,348
223,90,213,120,210,218,240,284,257,374,206,216,184,294,145,348
224,92,213,120,210,218,240,284,257,374,206,217,184,294,145,348
223,90,213,120,210,218,240,284,258,374,206,217,184,294,145,348
223,90,213,120,210,218,240,284,257,374,206,217,184,294,145,348
223,90,211,118,210,218,240,284,258,374,206,217,184,294,145,348
223,90,211,118,210,218,240,284,257,374,206,217,184,294,145,348
223,90,212,118,210,218,241,284,257,374,206,217,184,294,145,348
223,90,212,120,210,218,241,284,257,374,205,217,184,294,146,348
223,89,212,120,210,218,241,284,257,374,205,217,184,294,146,348
225,89,211,120,210,219,241,284,257,374,204,217,184,294,146,348
225,89,211,120,210,219,241,284,257,374,204,217,184,296,145,348
226,90,211,120,210,219,241,284,258,375,204,218,184,296,145,348
226,90,211,120,210,220,241,284,258,375,204,218,184,296,145,348
226,91,210,120,210,220,242,284,258,375,204,218,184,297,145,348
227,92,210,120,210,220,242,284,258,375,204,218,184,298,145,348
227,93,210,120,210,221,242,284,258,375,203,220,184,299,144,349
226,93,210,120,210,221,243,284,257,375,204,220,184,300,144,349
225,93,210,121,210,222,243,284,257,375,204,221,184,300,144,350
225,93,210,121,210,222,244,284,257,375,204,222,184,300,142,350
225,93,210,121,210,222,244,284,257,375,204,222,184,301,142,350
225,93,210,121,210,224,244,284,257,375,204,223,184,302,142,350
225,94,210,121,210,224,245,284,257,375,204,223,184,302,142,352
226,96,210,122,209,224,245,284,258,375,205,223,184,302,142,352
226,96,210,122,209,224,246,284,257,375,205,223,184,302,142,352
225,95,210,122,209,225,246,284,257,375,203,224,184,303,142,352
226,96,210,123,209,225,246,284,258,376,203,224,184,303,142,352
225,96,210,123,209,225,246,284,258,375,203,224,184,303,142,352
225,96,210,124,209,226,246,284,257,375,203,225,184,303,142,352
225,96,209,124,209,226,247,284,257,375,204,225,184,303,141,352
225,96,209,124,210,226,248,284,257,375,204,225,184,304,141,352
225,96,209,125,210,226,248,284,257,375,204,225,184,304,141,352
226,96,209,125,210,227,248,284,257,375,204,226,184,304,141,352
226,97,210,126,210,227,248,284,257,375,203,226,184,305,141,352
225,98,210,126,210,227,248,284,257,375,203,226,184,305,141,352
225,98,208,128,210,227,248,284,258,375,204,227,184,306,141,352
226,99,209,128,211,228,248,284,257,375,204,228,184,308,142,350
226,100,209,128,211,229,248,284,257,375,203,228,184,309,142,350
226,101,210,129,211,230,248,284,258,375,203,229,184,310,142,350
226,101,210,129,211,230,248,284,257,375,204,230,184,311,142,350
226,102,211,130,211,232,248,284,258,375,204,231,185,311,142,350
226,102,211,130,210,233,248,284,257,375,203,232,185,312,142,350
225,103,210,132,210,234,248,284,258,375,203,232,185,315,142,350
225,103,210,133,210,235,248,284,258,375,204,233,186,317,142,350
226,104,209,136,210,235,248,284,257,375,205,233,187,319,142,350
227,105,210,136,210,237,248,284,257,375,205,234,187,320,142,350
227,108,211,137,210,238,249,284,258,375,205,236,187,320,142,350
227,110,212,138,211,240,249,283,258,375,206,238,187,321,142,350
227,110,212,138,212,240,249,283,257,375,206,238,188,323,143,350
226,111,212,140,211,241,249,283,257,375,205,240,188,325,143,350
228,112,212,141,211,241,249,283,257,375,205,240,188,327,143,350
228,112,213,141,211,243,250,283,257,375,205,242,188,328,144,350
228,112,212,141,211,244,250,284,257,375,205,243,188,328,144,350
228,112,209,144,212,248,250,284,257,375,205,245,188,329,144,350
228,114,211,144,212,248,250,284,257,375,204,245,189,330,144,350
228,115,212,145,211,249,251,284,257,375,203,248,190,331,144,350
227,116,213,146,211,249,251,284,257,376,204,248,190,333,144,350
226,114,213,147,212,250,251,283,257,376,205,249,191,334,144,350
224,113,213,148,211,251,252,283,257,376,205,250,190,336,144,350
228,120,213,148,211,253,252,284,257,376,205,252,192,338,144,349
228,120,213,150,211,253,253,283,257,376,206,253,192,339,145,349
228,121,210,152,213,256,254,284,257,376,204,256,192,340,145,350
228,121,212,152,213,256,256,283,257,376,204,256,192,344,146,349
227,121,213,154,212,256,256,284,257,376,206,256,192,344,146,349
226,121,213,155,212,256,256,284,257,376,206,256,192,345,147,349
225,120,213,156,211,256,256,284,257,376,207,256,192,346,147,349
225,120,213,157,211,257,256,284,257,376,206,257,192,347,147,348
228,128,213,158,211,257,256,284,258,376,206,257,192,349,148,348
228,128,213,158,211,258,256,284,258,376,206,258,192,352,148,348
228,129,210,161,210,258,256,284,258,376,210,258,192,353,148,347
229,129,211,162,209,260,256,285,258,376,209,260,192,353,148,348
229,129,212,163,209,260,256,284,258,376,209,260,192,353,148,348
228,129,213,164,210,260,256,284,258,376,210,260,192,354,149,348
226,128,213,164,216,264,256,284,258,376,210,261,192,354,149,347
227,129,212,165,216,265,256,284,258,376,209,264,192,354,149,347
226,129,212,165,216,265,257,284,258,376,209,265,192,354,149,347
225,129,213,166,216,265,257,284,257,375,209,265,192,355,149,347
229,136,214,166,216,266,256,284,257,375,209,266,192,356,149,347
230,136,214,166,216,266,257,284,257,375,209,266,192,357,152,346
230,137,212,168,216,266,256,284,257,375,209,266,192,357,150,347
230,138,212,168,217,266,257,283,257,375,210,266,192,358,150,346
230,138,213,169,217,266,257,283,257,375,210,267,192,358,150,346
230,139,213,170,217,268,257,283,257,375,210,268,192,358,150,346
230,139,213,170,217,268,257,283,258,375,210,268,192,358,150,346
229,139,213,171,217,269,257,282,258,375,211,269,192,361,150,347
228,138,213,171,218,268,257,282,258,374,211,268,192,361,150,347
227,137,213,171,218,269,257,282,258,374,211,268,192,362,150,347
227,137,213,172,218,269,257,282,257,374,211,268,192,362,150,347
226,137,213,172,218,268,257,282,257,374,211,268,208,362,150,347
227,138,212,172,218,268,257,282,257,374,211,268,208,362,150,347
229,145,212,173,218,268,257,282,257,374,211,268,208,362,150,347
229,145,212,173,218,268,257,282,257,374,211,267,208,362,150,347
229,146,212,173,218,268,257,282,257,374,211,268,208,362,150,347
229,146,212,173,218,268,257,282,257,374,211,267,208,362,150,347
229,146,212,173,218,268,257,282,257,374,211,267,208,362,150,347
229,146,212,173,218,269,257,282,257,374,211,268,208,362,150,347
229,147,212,173,217,269,257,281,257,374,210,268,192,362,150,347
229,147,212,173,218,268,257,281,257,374,211,267,208,362,150,347
229,147,211,173,218,268,257,281,257,374,211,267,208,362,150,347
229,146,211,173,218,268,257,281,257,374,211,267,208,362,150,347
230,146,212,173,218,268,257,281,257,374,211,267,209,362,150,347
230,145,212,173,218,268,257,281,257,374,211,267,209,362,150,347
230,145,212,173,218,268,257,281,257,373,211,267,209,362,150,347
229,144,212,173,218,268,257,281,257,373,211,268,192,362,150,347
229,144,212,172,218,268,257,281,257,373,211,268,192,362,150,347
228,138,212,172,218,268,257,281,257,373,211,268,192,362,150,347
228,138,213,172,218,268,257,281,257,373,211,268,192,361,150,347
229,137,213,171,217,268,257,281,257,373,210,268,192,361,150,347
229,138,213,171,217,268,257,281,257,373,210,267,193,360,150,347
229,138,213,171,217,268,257,281,257,373,210,268,192,361,150,347
229,138,213,171,217,267,257,281,257,373,210,268,192,361,150,347
229,138,213,171,217,267,257,281,257,373,211,267,192,361,150,347
229,138,213,170,217,267,257,281,257,374,211,268,192,361,150,347
229,139,213,170,217,267,257,281,257,373,211,267,192,361,150,347
228,139,213,170,217,268,257,281,257,374,211,268,192,361,150,347
227,138,213,169,217,268,258,281,257,374,211,268,192,361,150,347
227,139,213,170,217,268,258,281,257,374,210,268,192,361,150,347
226,139,213,170,217,267,258,281,257,374,211,268,192,361,150,347
226,139,213,170,217,267,257,281,257,374,211,267,192,361,150,347
226,139,213,171,217,267,257,281,257,374,211,268,192,361,150,347
227,138,213,171,217,268,257,281,257,374,211,268,192,361,150,347
228,137,213,171,217,268,258,281,257,374,211,268,192,361,150,347
229,137,213,171,217,268,257,281,257,374,211,268,192,361,150,347
229,137,213,172,217,268,257,281,257,374,211,268,192,361,150,347
228,137,213,172,217,268,257,281,257,374,211,267,192,361,150,347
229,137,214,172,217,268,257,281,257,374,211,267,192,361,150,347
229,137,214,172,217,267,257,281,257,374,211,267,192,361,150,347
228,137,214,172,217,267,257,281,257,374,211,267,192,361,150,347
228,137,214,172,217,267,257,281,257,374,212,267,192,361,150,347
228,137,214,172,217,267,257,281,257,374,212,267,192,361,150,347
228,137,214,172,217,267,257,281,257,374,212,267,192,361,150,347
229,137,214,172,217,267,257,281,257,374,212,267,192,361,150,347
229,137,214,172,217,267,257,281,257,374,212,267,192,361,150,347
229,136,214,172,217,267,257,281,257,374,212,267,192,361,150,347
228,137,214,172,217,267,257,281,257,374,212,267,192,361,150,347
228,137,214,172,217,267,257,281,257,374,212,267,192,361,150,347
228,137,214,172,217,267,257,282,257,374,212,267,192,361,150,347
229,137,214,172,217,267,257,282,257,374,212,267,192,361,150,347
229,137,214,172,217,267,257,282,258,374,212,267,192,361,150,347
229,136,214,172,217,267,257,282,257,374,212,267,192,361,150,347
229,137,214,172,217,267,257,282,257,374,212,267,192,361,150,347
229,136,214,173,217,267,257,282,257,374,212,267,192,361,150,347
229,137,213,172,217,267,257,282,257,374,212,267,192,362,150,347
230,137,213,173,218,268,257,282,257,374,212,267,192,362,150,347
230,137,213,173,219,272,257,282,257,374,211,273,192,362,152,346
231,137,213,173,219,273,257,282,257,374,212,273,208,362,152,346
231,138,213,173,218,272,257,283,257,374,212,273,192,361,152,346
229,144,213,174,216,272,258,283,257,374,212,273,192,361,150,347
230,145,213,173,216,273,258,283,257,374,211,274,192,361,152,346
230,145,214,173,217,274,257,282,258,374,210,275,192,361,150,347
230,145,214,173,216,274,257,282,257,374,210,275,192,361,150,347
230,145,214,174,210,274,257,282,257,374,210,274,192,361,150,347
230,145,213,174,210,274,257,282,257,374,210,274,192,361,150,347
230,144,214,174,216,273,257,282,257,374,209,274,192,360,150,347
230,139,214,174,216,273,257,282,257,374,210,274,192,361,150,347
230,138,214,174,210,274,257,283,257,374,210,274,192,361,150,347
230,138,213,174,212,270,258,282,257,374,210,273,192,361,150,347
231,137,213,174,216,273,257,283,257,374,209,273,210,361,150,347
232,139,214,173,217,273,257,283,257,374,210,273,210,361,150,347
232,140,214,173,217,273,257,283,257,374,210,274,210,361,150,347
232,140,213,174,217,273,257,283,257,374,210,273,210,361,150,347
233,140,213,173,217,273,258,283,257,374,209,274,192,357,150,347
234,139,212,173,218,273,258,283,257,374,210,274,192,357,150,347
235,139,212,173,218,273,259,283,257,374,210,274,192,356,150,347
235,137,217,170,219,273,260,283,257,375,210,274,192,355,149,347
235,136,217,169,221,273,261,283,257,375,210,274,192,354,149,347
232,130,217,169,222,272,261,284,257,375,210,273,193,352,149,347
234,129,220,165,221,269,264,284,257,375,212,273,194,350,149,347
237,128,221,165,222,268,264,285,257,375,213,270,194,349,149,347
240,130,222,164,222,268,266,285,257,375,213,269,194,348,150,346
240,130,223,163,225,267,266,285,257,375,213,268,195,346,152,346
242,129,222,164,226,268,268,287,257,375,214,267,197,345,153,346
244,128,225,161,228,266,269,289,257,374,214,266,198,344,154,346
241,121,227,161,230,266,272,291,258,374,217,266,200,342,155,347
248,125,227,161,230,265,273,291,258,374,218,265,200,342,156,347
248,125,229,161,231,265,273,292,258,374,219,265,200,342,156,347
249,124,232,160,233,266,275,294,257,374,221,265,200,340,156,348
248,121,232,160,234,266,275,294,258,374,221,265,201,339,157,347
249,122,235,158,235,266,276,294,258,374,222,265,202,338,157,348
251,122,235,158,237,267,277,294,258,374,223,265,202,337,158,348
253,123,238,158,239,266,278,294,258,374,225,265,203,337,158,348
256,121,238,158,239,266,279,296,257,374,225,265,203,337,158,348
256,121,240,158,240,265,280,297,258,374,226,265,203,337,160,348
256,121,241,157,240,265,280,298,257,374,226,264,203,336,160,348
256,121,241,157,240,265,281,300,257,374,227,264,203,336,160,348
256,122,242,157,240,265,281,300,258,374,227,264,204,336,160,348
257,122,242,157,241,265,281,301,257,374,227,262,203,336,160,348
257,122,243,157,241,265,282,301,258,374,228,262,204,336,161,348
258,122,243,157,242,265,282,302,258,374,229,262,204,336,161,348
258,121,243,158,242,265,282,302,258,374,229,262,205,333,161,348
258,121,244,158,243,265,282,302,257,374,230,261,205,333,161,348
259,121,245,158,243,265,282,302,257,374,230,262,206,332,162,348
259,120,245,158,244,266,283,302,258,374,231,262,206,332,162,348
257,120,246,158,244,266,283,302,258,373,231,264,206,332,162,348
257,120,248,158,245,267,283,303,258,373,231,264,206,332,163,349
257,120,248,158,245,267,284,303,258,373,231,265,206,332,163,348
257,121,249,158,245,267,284,303,258,373,231,265,206,332,163,348
257,121,249,159,245,268,284,303,257,373,231,265,206,332,163,348
266,120,250,159,246,267,284,303,257,373,231,265,206,332,163,348
267,120,250,158,246,267,284,304,257,373,232,265,206,332,164,348
267,121,250,158,246,267,284,303,257,373,232,265,206,332,164,348
268,121,251,158,248,267,284,304,257,373,232,265,206,332,163,348
268,121,252,158,248,267,284,304,257,373,232,265,206,331,163,348
269,121,253,158,248,267,284,304,258,373,232,265,206,331,163,348
269,121,253,158,248,267,284,304,258,373,232,265,208,331,163,348
269,121,253,158,248,267,285,304,258,373,232,265,208,331,163,348
269,121,253,158,248,267,285,304,257,373,232,265,208,330,163,348
269,121,253,158,248,267,285,304,257,373,232,265,208,330,163,348
269,121,253,158,248,267,285,304,257,373,232,265,208,330,163,348
269,122,253,158,248,267,285,304,257,373,233,265,208,330,163,348
267,128,256,160,248,267,285,304,257,373,233,265,208,329,163,348
268,123,256,158,248,267,284,303,257,373,233,264,208,329,163,347
267,122,256,158,248,266,284,304,257,373,233,264,208,329,163,348
266,122,256,158,248,267,284,303,257,373,233,264,208,329,163,347
267,122,256,160,248,267,284,303,257,373,233,264,208,329,163,348
267,122,256,160,248,267,284,303,257,373,233,264,208,329,163,348
267,122,256,158,248,267,284,303,257,373,233,264,208,329,163,348
269,122,251,162,248,267,284,303,257,373,233,264,208,329,163,348
269,121,256,158,248,267,284,303,257,373,233,264,208,329,163,347
269,121,256,158,248,267,284,303,257,373,233,264,206,329,163,347
269,121,254,158,248,266,284,303,257,373,233,264,206,329,163,348
269,121,253,158,248,266,284,303,257,373,232,262,208,329,163,347
269,120,253,158,248,266,284,303,257,373,233,264,208,329,163,347
269,120,253,158,248,267,284,303,257,373,232,262,208,329,163,348
269,120,253,158,248,266,284,302,257,373,232,262,208,329,163,347
269,120,253,158,248,266,284,302,257,373,232,262,208,329,163,347
268,120,253,158,246,265,285,302,257,373,233,261,208,329,163,347
268,120,253,158,246,265,284,302,257,373,233,261,206,329,163,347
268,120,253,158,246,265,284,301,257,372,233,262,206,329,163,347
268,120,253,158,246,264,284,301,257,373,233,261,206,329,163,347
268,120,253,158,245,264,284,301,257,373,233,261,206,329,163,347
268,121,253,158,245,264,283,301,257,373,232,261,206,329,163,347
267,121,253,157,245,264,284,301,257,373,232,261,206,329,163,347
268,120,250,158,244,263,284,301,257,373,232,260,206,329,163,348
268,120,248,158,244,262,284,300,257,373,232,260,206,329,163,348
268,120,248,157,243,262,283,300,257,373,232,259,206,329,163,348
267,120,248,158,242,261,283,300,257,373,232,258,205,329,162,348
267,120,248,157,241,259,283,300,257,373,232,257,206,329,162,347
266,120,248,156,241,260,283,299,257,373,231,258,205,329,162,347
267,120,249,155,240,260,283,298,257,373,231,258,205,329,162,347
267,120,250,155,240,260,283,297,257,373,231,258,205,329,162,347
267,120,250,155,241,260,283,297,257,373,231,258,205,329,162,347
262,128,249,156,240,260,283,298,257,373,231,258,205,329,162,347
262,128,251,156,240,259,282,297,257,372,231,257,205,329,162,347
262,128,256,158,240,259,282,297,257,373,232,257,205,329,162,348
261,128,253,157,240,259,282,297,258,372,232,257,205,329,162,348
261,128,253,157,240,259,282,297,258,372,232,257,205,329,162,348
261,128,251,156,240,258,281,297,257,372,232,257,205,329,162,347
261,128,251,155,240,258,282,296,257,372,232,257,206,329,162,347
261,128,252,156,240,258,281,296,257,372,232,257,206,329,162,347
260,128,253,156,240,258,281,296,257,372,231,257,206,329,162,348
260,128,251,156,240,258,281,295,257,372,231,257,205,329,162,348
260,128,251,156,240,258,280,295,257,372,231,257,205,329,161,347
260,128,252,156,240,258,280,295,257,373,231,257,205,329,161,347
261,128,251,156,240,257,280,294,257,373,230,257,205,329,161,347
261,128,251,157,238,256,278,293,257,373,230,256,204,328,158,347
257,121,250,156,239,256,277,293,258,373,230,254,203,328,158,347
259,122,242,152,238,256,277,293,258,373,230,253,203,326,158,346
262,122,243,152,238,253,276,293,258,373,229,251,202,323,158,346
262,120,240,149,237,251,275,292,258,373,229,249,202,320,157,345
264,113,241,149,235,248,274,291,257,373,228,248,200,320,156,345
264,112,242,146,233,248,273,289,257,373,222,245,200,317,156,345
264,112,242,144,232,246,272,288,258,373,222,243,197,313,155,345
264,112,242,142,231,244,267,285,257,373,221,241,196,311,153,344
260,113,237,141,230,242,266,285,257,374,218,240,194,309,150,345
259,112,238,139,230,240,265,284,257,374,217,238,192,307,148,346
258,112,237,138,228,240,262,283,257,374,215,236,192,305,147,346
256,109,237,138,225,239,260,283,257,374,214,235,189,303,146,346
256,106,235,137,224,237,258,283,257,374,212,234,188,302,145,347
252,108,230,136,223,236,257,282,257,374,212,233,188,302,144,347
251,105,230,133,222,234,256,282,257,374,211,232,186,302,144,347
248,104,228,132,222,233,256,281,257,374,209,231,185,302,142,348
248,102,228,132,219,233,256,282,257,374,208,231,184,302,142,348
245,104,226,130,218,233,254,282,257,374,208,231,184,302,142,348
243,104,222,131,216,232,253,283,257,374,206,231,184,302,142,348
242,104,222,130,216,232,252,282,257,374,206,231,184,301,142,348
241,104,220,130,212,231,250,282,257,374,205,229,184,301,141,348
240,104,220,129,212,231,250,282,257,374,204,229,184,300,141,349
240,104,219,130,212,230,249,282,257,374,203,227,184,300,141,349
238,106,218,129,211,230,248,282,257,374,202,227,183,301,140,349
237,108,217,129,212,230,248,283,258,374,202,226,183,301,140,349
236,109,214,131,212,229,248,283,257,374,202,226,183,301,140,349
235,109,213,130,213,228,248,283,258,374,201,225,183,302,141,350
234,108,212,129,213,228,248,283,258,374,201,225,183,302,141,350
233,108,212,129,212,228,248,283,258,374,201,225,183,302,141,350
233,108,212,129,211,229,248,284,258,374,201,226,183,302,141,350
233,108,212,129,212,229,248,284,258,374,201,226,183,302,141,350
233,108,212,129,212,229,248,284,258,374,201,226,183,302,141,350
233,107,213,130,212,229,248,284,258,374,201,226,182,302,141,350
233,107,213,130,212,229,248,284,258,374,201,226,183,302,141,350
234,105,213,130,212,229,248,284,257,374,201,226,183,302,141,350
233,98,213,130,212,229,248,283,257,374,201,226,183,302,141,350
234,99,214,130,212,229,248,283,257,374,201,226,183,303,140,350
234,101,214,130,212,229,248,283,257,374,201,226,183,303,141,350
233,102,214,130,211,230,248,283,257,374,201,227,183,303,140,350
233,102,214,130,211,231,248,283,257,374,200,229,183,303,140,350
233,102,213,131,211,232,248,283,257,374,200,229,183,303,141,350
233,100,213,131,211,232,248,283,257,374,201,230,183,303,141,350
232,99,212,131,211,232,248,283,257,374,201,230,183,303,140,350
232,97,213,131,211,232,248,283,257,374,201,230,183,303,140,350
231,101,213,130,211,232,248,283,257,374,201,230,183,303,140,350
231,102,213,130,211,232,248,283,257,374,201,230,183,303,140,350
230,102,213,130,211,232,248,283,258,374,201,230,183,303,140,350
230,102,213,130,211,232,248,283,258,374,201,230,183,303,141,350
230,102,212,130,209,230,248,283,257,374,202,229,184,303,140,350
230,102,212,130,209,230,248,282,258,374,202,229,184,303,140,350
230,101,212,130,210,229,248,282,258,374,203,227,184,304,140,350
230,102,212,130,210,228,248,283,258,374,204,227,184,304,140,350
230,102,212,130,210,229,248,283,258,374,203,228,184,306,140,350
231,101,212,130,209,230,248,283,258,374,204,230,184,307,141,350
232,99,212,130,210,230,249,282,258,374,204,230,184,309,140,350
232,102,212,132,210,232,249,282,257,374,204,231,184,310,141,350
232,102,212,132,210,233,249,283,257,374,204,232,184,311,141,350
233,105,212,134,210,234,249,283,257,374,204,233,184,312,141,350
233,108,213,136,210,235,249,283,257,374,203,233,184,314,141,349
232,110,214,137,210,237,249,283,257,374,204,236,184,317,141,349
233,112,214,138,210,240,249,282,257,374,203,238,185,320,141,350
233,112,213,140,210,240,249,282,257,374,204,240,185,320,140,350
232,112,212,141,211,240,249,282,257,374,204,240,185,322,140,350
232,113,212,144,211,241,249,282,258,374,204,241,185,326,141,350
232,114,214,144,211,244,250,282,258,374,203,243,185,328,141,350
231,112,214,146,211,245,250,282,258,374,202,245,186,328,141,350
230,112,214,147,211,248,251,282,258,374,203,248,186,328,142,350
230,112,214,147,210,248,251,282,258,374,203,248,186,329,142,350
231,112,213,147,210,248,251,281,258,374,203,248,186,329,142,350
231,112,213,147,210,248,251,281,258,374,204,248,186,329,142,350
230,112,213,147,210,248,252,282,258,374,205,246,186,328,142,350
230,112,212,147,210,245,252,282,258,374,206,245,186,328,142,350
229,112,212,146,209,243,252,282,258,374,209,243,185,328,141,350
228,112,210,145,209,241,251,282,258,374,209,241,185,328,141,350
227,112,210,144,209,240,251,281,258,374,209,240,184,324,141,350
227,112,209,141,209,240,250,282,258,374,209,240,185,322,141,350
227,112,208,141,209,240,250,282,258,374,209,240,185,320,140,350
228,112,208,140,209,240,250,282,258,374,209,240,185,320,140,350
228,112,208,140,209,240,250,282,258,374,209,240,185,320,140,350
229,112,208,140,210,240,250,282,258,374,210,240,186,320,140,350
229,112,208,140,211,240,250,282,258,374,210,240,186,320,140,350
229,112,208,140,211,240,250,282,258,374,206,239,186,320,140,350
229,112,208,140,212,240,250,281,258,374,205,240,186,320,140,350
229,112,208,140,212,240,250,282,258,374,205,240,186,320,141,350
229,112,208,141,212,241,250,282,258,374,205,240,186,320,141,350
230,112,210,144,212,241,250,282,258,374,203,240,186,320,140,350
230,112,209,145,211,238,251,282,258,374,211,238,186,321,141,350
230,112,208,147,211,240,251,282,258,374,211,240,185,323,141,350
230,113,208,148,210,240,251,282,258,374,210,240,184,324,141,350
230,113,208,148,211,241,252,282,257,374,211,241,202,324,141,350
230,113,208,149,211,242,252,282,258,374,211,242,202,324,141,350
228,113,208,149,212,242,253,282,258,374,212,242,186,328,141,350
228,113,208,150,212,243,253,282,258,374,212,243,186,328,141,350
227,112,208,150,211,243,253,283,258,374,211,243,202,328,140,350
228,112,208,149,211,245,254,283,257,374,211,245,202,328,140,349
233,112,208,148,210,244,253,283,257,374,210,244,186,328,140,349
233,112,208,148,209,244,253,282,257,374,209,244,186,328,140,349
234,112,208,146,212,243,253,282,257,374,206,243,186,324,141,348
235,112,209,144,212,242,252,281,257,374,206,242,187,321,141,348
236,112,209,140,211,241,252,281,257,374,205,241,187,320,141,348
235,112,209,140,211,240,251,281,257,374,211,240,187,320,142,348
234,107,209,139,212,240,251,281,257,374,206,240,187,320,142,348
235,107,209,139,213,240,251,281,257,374,207,240,187,320,142,348
235,107,210,138,213,240,251,281,257,374,207,240,187,320,142,348
235,107,210,138,213,240,252,281,257,374,208,239,188,320,142,348
234,107,210,138,212,240,252,281,258,374,212,240,188,320,142,348
235,112,211,138,210,241,253,282,257,374,210,241,188,321,142,348
236,112,212,139,209,242,253,281,257,374,209,242,188,325,142,348
236,112,212,144,209,243,254,281,258,374,209,243,189,327,142,348
236,114,211,146,210,248,254,282,258,374,210,248,187,328,142,348
233,113,211,147,209,249,256,282,258,374,209,249,188,330,141,348
235,120,211,149,209,250,256,282,258,374,209,250,188,336,142,349
235,121,212,152,209,251,256,282,258,374,209,251,188,337,142,349
235,122,211,153,211,256,256,283,258,374,209,254,188,339,144,348
234,121,210,155,210,256,256,283,258,374,210,256,190,345,144,348
233,121,211,157,210,256,256,282,258,374,210,256,190,345,144,347
233,128,212,158,216,258,256,282,258,374,210,258,190,346,145,347
233,128,212,158,216,259,257,281,258,374,210,258,192,347,145,347
233,129,211,160,216,260,257,281,258,374,210,260,192,349,147,347
232,129,210,162,216,260,257,281,258,374,210,264,192,353,147,346
232,131,210,165,217,261,257,280,258,374,211,265,192,353,147,346
232,132,210,165,216,265,257,281,258,373,210,265,192,354,148,346
229,129,210,166,217,265,257,281,257,373,211,265,192,355,148,346
229,129,210,167,217,266,257,281,257,374,210,266,192,355,149,346
232,136,211,167,217,266,257,281,257,374,211,267,192,356,149,346
232,136,211,168,217,268,257,281,258,374,211,267,192,357,149,346
232,137,210,169,217,268,257,281,257,374,211,267,192,358,149,346
231,139,211,170,218,268,257,282,257,374,210,267,192,360,150,346
231,139,212,171,218,268,257,282,257,374,210,267,192,361,150,346
230,139,213,172,218,269,257,282,257,374,211,268,192,361,150,346
230,138,213,173,219,269,257,282,257,374,211,268,192,362,150,346
229,137,213,173,219,270,257,282,257,373,211,268,192,362,149,346
229,137,213,174,219,270,257,281,257,373,211,268,192,363,149,346
229,137,213,174,219,270,257,281,257,374,211,268,192,363,149,346
229,137,214,174,219,270,257,281,257,374,212,268,192,364,149,346
229,137,213,174,219,270,257,281,257,374,212,267,192,363,150,346
229,137,213,174,219,270,257,281,257,373,212,267,192,364,150,346
229,137,213,174,219,270,257,281,257,373,212,268,192,364,150,346
229,137,213,174,219,270,257,281,257,373,212,268,192,364,150,345
229,137,213,174,219,270,257,281,257,373,212,268,192,364,150,345
229,137,213,174,219,270,257,281,257,373,212,268,192,364,150,345
228,137,213,174,220,273,257,281,257,373,211,268,192,364,150,345
228,137,213,174,219,270,257,281,257,372,211,268,192,363,150,345
228,137,214,173,219,270,257,280,257,372,211,268,192,363,149,345
228,137,214,173,219,270,257,280,257,372,211,268,192,362,149,345
229,138,214,172,218,269,257,280,257,372,210,268,192,362,149,345
230,138,214,170,218,267,257,280,257,372,210,267,192,360,149,345
230,138,213,169,218,266,257,278,257,372,210,266,192,358,149,345
229,137,213,167,216,261,256,280,257,372,212,260,192,356,148,345
226,129,213,166,216,261,257,278,257,372,211,261,192,355,148,345
229,129,214,164,216,258,257,278,257,372,211,258,190,353,147,345
230,129,210,162,216,256,257,280,257,372,211,252,190,348,146,345
226,120,214,157,210,251,256,281,257,372,210,251,190,344,145,345
229,121,214,155,210,249,256,281,257,372,210,249,189,340,144,346
230,120,211,152,211,248,256,281,257,372,211,248,189,336,144,347
226,112,214,148,211,248,254,280,256,371,211,248,188,332,142,346
230,113,213,145,213,248,252,280,256,371,205,245,187,328,141,346
230,112,214,141,213,241,250,278,256,371,206,240,187,325,141,346
227,105,214,138,213,240,249,278,257,371,206,238,186,320,141,346
230,108,209,136,212,235,248,278,257,371,206,233,185,318,141,347
230,104,213,132,212,233,248,281,257,371,206,232,185,312,140,347
228,101,213,130,211,230,248,282,257,371,206,229,185,310,140,347
228,100,211,128,211,228,248,281,257,371,205,225,184,306,140,346
229,97,213,124,211,226,246,281,257,371,205,224,184,304,140,346
228,96,212,123,211,224,245,281,257,370,205,222,184,302,140,346
226,92,212,121,209,221,243,281,256,370,205,220,184,301,140,346
228,93,211,120,210,220,241,282,256,370,204,218,184,299,140,346
227,93,209,120,209,219,240,282,256,370,204,217,184,296,141,346
228,91,211,118,210,217,240,283,256,370,204,216,184,294,141,345
227,88,212,115,211,216,240,283,256,370,204,214,184,294,141,345
224,83,211,114,211,216,240,283,256,370,204,213,184,293,142,345
225,82,211,113,210,213,240,284,256,370,203,213,184,292,144,345
225,83,211,112,210,213,239,283,256,370,203,213,184,292,145,345
227,84,211,112,210,212,239,284,256,370,203,211,184,291,145,345
227,85,211,112,210,211,238,284,256,370,203,211,184,291,146,344
227,85,210,112,211,211,238,284,256,370,203,211,184,290,146,344
227,85,210,112,211,211,238,284,256,370,203,210,184,290,146,344
227,85,210,112,211,211,238,284,256,370,203,210,184,290,146,344
227,85,210,112,211,211,238,284,256,370,203,210,184,290,146,344
227,85,211,112,211,211,238,284,256,370,203,210,184,290,146,344
227,85,211,112,211,211,238,284,256,370,203,210,184,290,146,344
228,85,211,112,211,211,238,284,256,370,203,210,184,289,146,344
228,84,211,112,211,211,238,284,256,370,204,210,184,290,146,344
228,84,211,112,211,211,238,284,257,370,204,210,184,290,147,344
228,84,211,112,211,211,238,284,257,370,203,210,184,290,147,344
228,83,211,112,211,211,238,284,257,370,203,210,184,290,147,344
228,82,211,112,211,211,238,283,257,370,203,210,184,290,147,344
228,83,211,112,211,211,238,283,257,370,204,210,184,290,147,344
227,83,211,112,211,211,238,283,257,370,204,210,184,290,147,344
227,83,211,112,211,211,238,284,257,370,204,210,184,289,147,344
227,84,211,112,211,211,238,284,257,370,204,210,184,289,147,344
227,84,211,112,211,211,238,284,257,370,204,210,184,289,147,344
227,84,212,112,211,211,238,284,257,370,204,210,184,289,147,344
227,84,212,112,211,211,238,284,257,370,204,210,184,289,147,344
227,84,211,112,210,211,239,284,257,370,204,210,184,289,147,344
227,84,211,112,211,211,239,284,257,370,204,210,184,290,147,344
227,85,212,112,211,211,239,284,257,370,204,210,184,290,147,344
227,84,212,112,211,211,239,284,257,370,204,210,184,290,147,344
228,84,212,112,211,210,239,284,257,369,204,210,184,290,147,344
228,84,211,112,211,210,239,284,256,370,204,210,184,290,146,344
228,84,212,112,211,211,239,284,257,370,204,210,184,290,146,344
228,84,212,112,211,211,240,284,256,370,204,210,184,290,147,344
228,84,213,112,211,210,240,284,257,370,205,210,184,290,147,344
228,84,213,112,211,211,240,284,257,369,205,211,184,290,146,344
228,84,213,112,211,210,240,284,257,369,205,210,184,290,146,344
228,84,213,112,211,211,240,283,256,369,204,211,184,290,146,344
228,84,212,112,210,213,240,283,257,369,205,211,184,290,146,344
228,84,213,112,211,213,240,283,257,369,205,212,184,290,146,344
227,85,213,112,210,212,240,283,257,369,210,212,184,290,146,344
227,84,213,112,210,210,240,283,256,369,210,210,184,290,146,344
227,84,213,112,212,210,240,283,257,369,212,210,184,290,146,344
227,84,214,112,209,211,240,283,257,369,209,211,184,290,146,344
228,84,213,112,209,210,240,283,257,369,209,210,184,290,146,344
229,83,214,113,209,211,240,283,257,369,209,211,184,290,146,344
229,82,214,113,209,211,240,283,256,369,209,211,184,291,146,344
230,81,214,113,209,213,240,283,256,369,209,213,184,290,146,344
230,82,214,114,208,213,240,283,256,369,208,213,184,290,146,344
230,82,214,114,208,213,240,283,257,369,208,213,184,290,147,344
230,82,214,115,208,213,240,282,257,369,208,213,184,291,146,344
230,83,213,115,208,213,240,283,257,369,208,213,184,291,146,344
230,83,214,116,208,212,240,283,257,369,208,212,184,291,146,344
230,83,213,116,208,213,240,283,257,369,208,213,184,291,146,344
230,83,213,117,208,213,240,283,257,369,208,213,184,291,146,344
230,83,213,117,208,212,240,283,256,369,208,212,184,290,146,344
230,82,212,118,209,212,240,283,256,369,209,212,184,291,146,344
230,82,212,117,209,212,240,283,256,369,209,212,184,290,146,344
230,82,212,118,209,212,240,283,256,369,209,212,184,290,147,344
229,82,212,117,209,212,240,283,256,369,209,212,184,290,146,344
229,82,211,117,209,212,240,283,256,369,209,212,184,290,146,344
229,82,211,117,209,212,240,283,256,369,209,212,184,290,146,344
228,82,211,117,209,212,240,283,256,369,209,212,184,290,146,344
228,82,211,117,209,212,240,283,257,369,209,212,184,290,146,344
227,83,211,117,209,212,240,283,257,369,209,212,184,290,146,344
227,83,210,116,209,212,240,283,257,369,209,212,184,290,146,344
227,84,210,116,209,212,240,282,257,369,209,212,184,290,146,344
227,84,210,116,209,213,240,282,257,369,209,213,184,290,146,344
227,84,210,116,209,213,240,282,257,369,209,213,184,291,146,344
227,84,210,116,209,213,240,282,257,369,209,213,184,291,146,344
227,84,209,116,209,213,240,282,257,369,209,213,184,292,146,344
228,84,209,116,208,213,240,282,257,369,208,213,184,292,146,344
229,84,209,116,211,216,240,281,257,369,208,214,184,292,146,344
229,82,209,118,211,216,241,281,257,369,208,214,184,293,147,342
230,82,209,120,211,216,242,281,257,369,209,214,185,293,147,342
230,82,208,120,210,217,243,281,257,369,210,217,185,294,147,342
231,83,208,120,210,218,245,280,257,369,210,218,185,297,146,342
229,89,208,121,210,218,246,280,257,369,210,218,185,299,146,342
229,91,208,122,209,220,247,280,257,369,209,220,186,301,146,342
229,93,209,124,209,222,248,280,257,369,209,222,186,303,145,344
230,90,209,128,209,224,248,280,256,369,209,222,187,304,144,344
229,97,208,129,209,226,248,278,256,369,209,226,186,308,144,344
230,101,208,131,209,228,248,277,256,369,209,228,186,311,142,344
229,103,208,133,209,229,248,277,256,369,209,229,187,312,141,344
231,99,211,136,209,232,248,278,256,369,209,230,187,314,141,344
230,104,209,137,209,235,248,277,256,369,205,233,187,320,141,344
229,107,210,138,209,237,248,277,256,369,205,236,188,320,141,344
230,106,209,140,209,239,249,277,256,369,206,238,188,321,141,344
229,112,212,144,209,240,249,276,256,369,205,240,188,326,141,344
229,112,212,146,208,241,250,276,256,369,205,240,188,328,141,344
229,113,212,149,209,244,250,276,256,369,209,244,189,329,141,344
230,113,212,150,209,248,251,276,256,369,209,247,188,332,141,344
229,120,212,152,209,248,251,275,256,368,209,248,189,336,144,342
229,121,212,154,209,249,252,276,256,368,209,249,189,337,145,341
230,123,212,156,209,250,253,276,256,368,209,250,190,339,145,341
229,123,212,157,209,253,254,276,256,368,209,253,189,344,146,340
229,128,214,158,209,256,254,277,256,368,209,256,190,345,147,339
229,128,212,161,210,256,256,276,256,368,210,256,190,346,147,339
229,130,213,164,210,258,256,276,256,369,210,258,190,347,147,340
229,132,212,166,210,260,256,276,256,369,210,260,192,348,148,340
229,132,212,166,210,262,256,276,256,369,210,262,190,353,148,340
228,136,208,170,210,262,256,276,256,369,210,262,190,354,148,340
229,136,208,171,211,265,256,275,256,369,211,265,190,355,148,339
229,138,208,173,211,266,256,275,256,368,211,266,190,357,149,340
229,139,209,174,211,268,256,275,253,367,211,268,189,358,148,339
229,139,208,176,212,268,256,276,253,367,212,268,189,360,148,340
227,138,208,177,212,269,256,276,252,367,212,269,190,360,149,339
230,144,209,179,213,270,256,276,252,366,213,270,190,360,148,339
231,145,209,179,212,269,256,276,252,366,212,269,189,360,148,339
231,145,208,179,213,270,256,276,252,366,213,270,189,361,148,339
231,145,208,179,212,270,256,276,252,366,212,270,189,360,148,339
231,144,209,179,213,270,256,275,252,366,213,270,189,360,148,339
231,145,209,178,212,269,256,275,252,366,212,269,189,359,148,339
226,138,209,176,211,269,256,276,252,366,211,269,188,358,148,339
226,137,209,175,211,269,256,275,252,366,211,269,188,358,148,339
232,138,208,173,210,268,256,276,251,366,210,268,188,356,148,338
232,136,208,170,210,265,256,276,251,366,210,265,187,353,147,338
232,130,209,167,210,262,254,275,251,366,210,262,187,349,146,337
233,130,209,165,209,258,253,275,251,366,209,258,185,347,145,337
233,129,208,161,209,252,253,275,251,366,209,252,203,347,145,337
232,128,209,158,209,248,253,275,251,366,209,248,201,347,145,337
233,121,209,154,209,243,252,275,251,366,209,243,185,337,140,339
233,120,210,149,209,241,251,274,251,366,209,241,186,330,139,340
234,120,212,146,213,240,251,275,251,365,206,240,184,328,139,340
234,113,213,140,214,240,249,275,251,365,203,240,184,322,138,339
233,112,213,137,209,233,248,276,251,365,209,233,184,319,138,340
233,107,210,133,210,228,248,275,251,365,210,228,184,313,139,339
233,104,210,130,210,226,248,276,251,365,210,226,185,310,140,340
232,101,210,128,212,224,248,275,251,365,209,223,184,304,140,339
233,97,211,128,210,221,246,275,251,365,205,221,184,302,139,339
232,95,211,122,209,218,245,274,251,365,206,217,184,298,140,339
232,94,211,120,210,216,243,275,252,365,209,214,184,294,140,339
232,92,210,117,210,213,242,275,252,365,205,212,184,293,140,339
232,90,210,116,210,211,241,274,252,365,205,210,184,290,140,339
230,82,211,113,209,210,240,274,251,365,205,209,182,289,140,339
231,84,211,113,210,210,240,274,251,365,205,209,182,287,140,339
231,83,211,112,209,209,240,274,252,365,205,208,182,286,140,338
231,84,212,112,209,210,240,275,252,365,205,209,182,286,140,338
231,84,212,112,210,210,240,275,252,364,205,209,182,286,140,338
231,84,213,112,209,210,240,275,252,365,205,209,182,286,140,338
231,84,213,112,209,210,240,275,252,365,205,209,183,286,140,338
230,84,213,112,210,210,240,275,252,365,205,209,183,286,140,338
231,84,214,112,210,210,240,275,251,365,205,209,183,286,140,338
231,84,214,112,210,210,240,275,252,365,205,209,184,285,140,338
231,84,214,112,210,210,240,275,251,365,205,209,184,285,140,338
231,84,214,112,210,210,240,275,251,365,205,209,184,285,141,338
231,84,214,112,210,210,240,275,251,365,205,209,184,285,142,339
231,84,214,112,210,210,240,275,251,365,205,209,184,285,144,338
231,84,214,112,210,210,240,275,252,365,205,209,184,286,144,338
231,85,214,112,210,210,240,275,251,365,205,209,184,286,144,338
231,84,214,112,210,210,240,275,251,365,206,209,184,286,144,338
231,84,214,112,210,211,240,275,251,365,206,210,184,286,144,338
231,84,214,112,210,211,240,275,252,365,205,210,184,289,142,339
230,84,214,112,210,212,240,275,252,366,206,211,184,290,142,338
231,84,213,113,210,213,241,276,252,366,205,212,184,292,141,338
230,84,214,113,210,213,241,275,252,366,206,213,184,293,141,338
230,82,213,115,210,216,242,275,252,366,206,214,184,294,141,338
229,82,212,117,209,216,243,275,252,366,205,216,184,294,140,338
231,89,213,120,209,217,243,275,252,366,205,216,184,298,140,339
231,90,213,120,209,219,244,276,251,366,205,218,184,302,140,339
231,92,214,121,209,220,245,276,251,366,205,220,184,303,140,339
229,89,213,124,209,222,246,276,251,366,205,222,184,306,140,339
231,97,211,128,210,225,248,276,251,366,206,224,184,310,140,339
231,99,214,129,211,228,248,275,251,366,206,228,184,312,140,339
231,100,213,131,210,232,248,276,251,366,209,229,184,317,140,339
231,104,213,134,210,232,248,275,250,366,208,230,184,320,140,339
231,106,214,136,210,233,248,275,250,366,209,230,185,322,140,339
230,104,214,138,210,236,249,276,250,366,206,237,186,326,139,339
232,112,213,141,210,237,250,275,250,366,210,237,187,329,140,338
232,113,214,145,210,241,252,275,250,366,210,238,187,332,141,338
232,115,214,147,211,248,253,275,250,366,209,245,187,336,144,338
232,120,213,149,211,248,253,275,250,366,211,248,188,338,144,337
231,121,213,153,209,249,254,275,250,365,209,249,202,338,144,337
229,121,214,156,210,251,254,275,250,366,210,251,203,338,144,337
227,121,214,157,209,251,256,276,250,366,209,251,187,347,144,337
230,129,210,160,210,256,256,275,250,366,210,256,186,349,146,338
230,131,212,163,209,257,256,275,250,365,209,257,203,349,146,338
230,129,213,164,211,257,256,275,250,365,211,257,203,349,147,338
228,129,212,165,211,259,256,275,250,365,211,259,188,355,147,338
227,129,212,166,210,259,256,275,250,365,210,259,204,355,147,338
230,137,212,166,210,259,256,275,251,365,210,259,203,355,147,338
229,138,209,168,210,260,256,275,251,365,210,260,203,355,147,338
229,138,209,168,210,260,256,275,250,365,210,260,203,355,147,338
230,137,209,168,210,259,256,275,250,365,210,259,203,355,147,338
230,137,213,166,211,259,256,275,250,365,211,259,203,355,147,338
226,128,211,165,211,259,256,275,250,365,211,259,203,355,147,338
227,129,212,164,211,257,256,275,250,365,210,253,188,354,147,338
229,131,211,162,211,256,256,275,250,366,210,253,203,354,147,337
229,129,211,162,210,251,256,276,250,366,210,251,203,354,146,337
225,121,212,157,210,251,256,276,250,366,210,251,204,354,146,337
228,121,211,153,210,249,254,275,250,366,210,249,203,354,146,337
228,120,212,149,211,248,253,274,250,366,211,248,188,338,144,337
227,113,213,146,211,248,254,274,250,366,211,244,186,336,144,337
229,112,209,144,211,240,253,274,250,366,211,240,189,329,141,337
226,108,213,139,211,236,251,274,250,365,211,236,187,326,140,337
229,106,209,136,210,232,249,274,251,365,210,232,187,320,139,337
227,101,212,130,209,230,248,274,251,365,209,230,186,317,139,338
229,100,212,129,210,228,248,274,251,365,207,229,186,312,140,338
229,96,213,124,211,226,248,275,251,365,206,224,186,309,140,337
227,92,212,122,210,222,248,275,251,365,206,222,185,303,141,337
228,91,211,120,210,220,248,275,251,365,205,218,185,301,140,337
224,83,212,116,211,217,245,274,251,365,206,216,184,297,140,337
226,83,212,114,211,216,244,274,251,365,205,214,184,294,140,337
227,85,211,112,210,213,242,274,251,365,205,212,184,293,141,337
228,84,209,112,210,211,240,274,251,365,205,210,184,289,141,337
228,82,213,110,210,209,240,274,251,365,205,209,184,286,142,337
228,81,213,108,210,208,240,274,251,365,205,207,184,286,144,337
227,82,212,107,210,207,240,275,251,365,205,206,184,285,144,337
228,81,212,106,209,206,240,275,251,365,205,206,184,285,144,337
228,81,212,106,209,206,240,275,251,365,204,206,184,285,144,337
228,81,212,106,209,206,240,275,251,365,204,206,184,285,144,338
228,80,211,106,209,207,240,275,251,365,205,206,184,285,144,338
228,81,212,107,210,208,240,275,251,365,205,206,184,285,144,337
228,81,212,107,210,208,240,275,251,365,205,206,184,285,144,338
228,81,212,107,210,208,240,275,251,365,205,208,184,285,144,338
228,81,212,108,210,208,240,275,251,365,205,208,184,286,144,338
228,81,212,109,210,209,240,274,251,365,205,208,184,288,144,337
227,82,208,112,210,210,240,274,251,365,205,209,184,289,142,338
227,83,209,112,210,211,242,274,251,365,205,210,184,292,142,337
227,84,211,112,210,213,243,273,251,365,206,212,184,293,142,338
226,84,212,113,209,214,245,274,252,365,206,214,184,296,144,338
227,88,211,115,210,216,247,274,252,365,205,216,185,298,144,338
227,88,209,120,210,218,248,275,251,366,206,217,186,302,144,338
228,92,212,120,210,220,248,275,251,365,206,220,187,303,144,338
228,93,213,122,211,224,248,276,251,365,206,223,188,307,144,338
229,96,213,124,210,227,248,276,251,365,207,226,188,311,144,338
229,99,212,128,212,232,249,275,251,365,206,230,187,313,144,338
230,102,213,130,212,232,249,275,251,365,209,230,188,319,142,337
229,104,213,133,209,232,250,275,251,365,209,232,188,320,142,337
229,107,211,137,209,234,251,275,251,365,209,234,188,324,142,337
225,105,212,140,210,238,252,275,251,365,210,238,189,328,144,338
230,112,209,144,210,240,254,275,251,366,210,240,189,330,145,337
229,112,213,146,209,243,254,274,251,365,209,243,188,336,145,337
226,112,213,148,210,248,254,275,251,365,210,248,189,337,145,337
230,120,209,152,209,248,256,276,251,365,209,248,189,340,145,337
229,122,213,154,209,249,256,276,251,365,209,249,189,340,145,337
227,120,213,157,210,250,256,276,251,366,210,250,188,345,146,337
229,128,213,158,216,252,256,276,251,365,210,251,189,347,146,338
230,129,209,161,210,251,256,276,251,365,210,251,188,349,147,337
230,131,211,163,210,251,256,276,251,365,212,251,204,349,147,338
229,130,212,164,210,257,256,275,251,365,212,250,204,349,147,338
228,129,212,164,210,257,256,275,251,365,210,257,204,349,147,338
227,129,212,164,211,257,256,275,251,365,211,257,203,349,147,338
227,129,212,164,211,257,256,275,251,365,211,250,203,349,147,338
227,130,211,164,211,250,256,275,251,365,211,250,203,349,147,338
229,131,211,163,211,256,256,275,251,365,212,251,204,349,147,338
230,131,209,162,210,250,256,276,251,365,210,250,204,349,146,337
229,129,212,158,210,250,256,276,251,365,210,250,188,346,146,337
225,121,212,155,210,250,256,276,251,365,210,250,204,346,146,337
228,122,211,153,210,249,254,275,251,365,210,249,202,346,145,337
228,120,213,149,211,248,254,275,251,365,211,248,188,337,144,337
225,112,212,146,211,243,253,275,251,366,211,243,188,333,144,338
229,112,210,144,211,240,252,275,251,366,211,238,189,328,140,338
225,108,211,138,210,233,250,275,251,365,210,233,187,324,140,337
228,107,208,136,210,230,249,275,251,365,210,230,186,320,140,337
227,104,211,130,211,228,248,275,251,365,206,228,186,317,140,338
228,102,210,128,211,227,248,275,251,365,206,225,186,311,140,337
228,97,212,122,211,224,248,275,251,365,206,223,186,308,141,337
228,96,211,120,210,220,248,275,252,365,205,220,185,303,141,337
227,93,210,120,210,218,246,274,252,365,205,217,185,301,141,338
227,91,211,117,210,216,244,274,252,365,205,216,184,296,141,338
227,89,211,115,210,215,242,274,252,365,205,214,184,294,141,338
226,88,211,113,210,213,241,274,252,365,205,213,184,293,142,338
225,83,210,112,210,212,240,274,252,365,205,211,184,292,142,338
226,84,209,112,210,211,240,274,252,365,205,210,184,291,142,338
227,84,209,112,210,210,240,275,252,365,205,210,184,290,142,338
227,84,208,112,209,210,240,275,252,365,205,209,184,289,142,338
227,84,208,112,209,210,240,275,252,365,205,209,184,290,142,338
226,84,209,112,210,211,240,275,252,365,205,210,184,290,142,338
226,84,209,112,209,211,240,275,252,365,204,210,184,291,142,338
225,84,210,112,210,212,240,275,252,365,204,211,184,292,142,338
225,82,210,112,210,213,240,275,252,365,205,212,184,292,142,338
224,82,210,112,210,213,240,275,252,365,205,212,184,293,142,338
224,82,210,113,210,214,241,275,252,365,205,213,184,293,142,338
224,82,210,113,209,214,241,274,252,365,205,214,184,293,142,338
227,88,210,114,210,216,242,274,251,365,204,214,184,294,142,338
227,88,210,115,210,216,243,274,251,365,204,216,184,296,142,338
227,89,210,116,210,217,244,274,251,365,205,216,185,297,142,338
226,91,209,120,210,217,244,274,251,365,205,217,185,300,144,338
226,93,210,120,210,220,245,275,251,365,203,219,186,302,144,338
226,94,211,120,209,222,246,274,251,365,204,221,186,303,144,337
225,92,211,121,210,225,248,275,251,365,203,224,187,306,142,337
228,96,212,123,210,228,248,275,251,365,203,228,186,310,144,338
227,100,210,128,210,232,248,275,251,365,205,230,186,312,142,337
227,102,211,129,211,230,248,275,251,365,206,229,186,317,141,337
227,104,212,131,210,232,248,275,251,365,206,229,201,317,141,337
227,108,210,136,211,235,248,275,251,365,206,234,186,321,141,337
225,106,210,140,211,238,249,275,251,365,205,236,188,326,141,337
227,112,211,141,211,240,250,275,251,365,205,240,188,328,142,337
228,113,210,145,211,241,251,275,250,365,205,241,187,329,141,337
227,113,211,147,209,242,252,275,250,365,209,242,186,336,144,337
227,120,210,150,209,246,253,275,250,365,209,246,187,337,144,337
228,121,210,153,210,248,253,274,250,366,210,248,186,340,144,337
226,121,210,156,212,251,253,274,250,365,205,252,203,340,144,337
228,129,211,157,213,253,253,274,250,365,206,254,203,340,144,337
228,130,208,162,213,254,254,274,250,365,206,257,204,340,145,337
229,131,209,164,211,257,254,274,250,365,206,257,187,349,146,337
226,129,209,166,216,259,254,275,251,365,206,260,187,350,146,337
229,136,209,166,216,261,254,274,251,365,206,260,187,353,146,337
229,138,209,169,216,262,256,274,251,365,205,265,187,355,147,337
229,139,210,170,216,262,256,274,251,365,208,265,187,356,147,337
229,140,210,170,216,262,256,274,251,365,208,265,186,356,147,337
229,139,210,170,216,262,256,274,251,365,208,265,186,356,147,337
229,140,210,170,216,263,256,274,251,365,208,265,187,355,147,337
230,138,210,169,216,262,256,274,251,365,208,265,187,355,147,337
230,137,209,168,216,262,256,274,251,365,208,265,188,353,147,337
227,129,211,166,216,262,256,275,250,364,209,262,188,350,146,337
229,129,210,165,216,258,256,275,250,365,209,258,187,348,146,336
230,130,209,163,212,256,254,274,250,365,206,258,187,346,145,336
230,128,212,157,213,253,256,275,250,365,205,259,186,345,145,336
229,121,212,156,214,249,254,274,250,365,205,251,203,345,145,336
230,121,209,153,211,248,254,275,250,365,205,249,187,337,141,336
226,112,212,148,212,242,254,274,250,365,205,243,186,333,140,336
230,112,211,146,212,240,253,273,250,364,206,240,187,328,140,336
228,104,212,140,213,237,251,274,250,364,206,239,186,322,139,336
231,106,211,137,210,233,249,274,250,364,210,233,186,320,140,336
230,99,212,131,212,230,249,273,250,364,206,230,186,312,140,336
230,100,212,129,212,225,248,273,250,364,212,225,186,310,140,336
230,96,212,125,211,222,248,273,251,364,206,222,185,303,140,336
230,92,212,121,210,217,248,273,251,364,210,217,185,300,140,336
230,89,212,120,211,216,248,273,251,363,210,215,185,296,140,336
228,83,213,117,210,212,246,273,251,363,210,212,184,294,140,336
230,85,212,113,209,210,244,272,251,363,209,210,184,292,141,336
230,84,211,112,210,208,242,272,251,363,210,208,184,288,141,336
230,84,211,112,210,208,241,273,251,363,210,208,184,285,142,336
230,84,211,112,210,208,240,273,251,363,209,206,184,285,144,336
230,84,209,112,210,205,240,273,251,363,210,205,184,284,144,336
230,83,213,109,209,204,240,273,251,363,209,204,184,284,144,336
230,83,213,109,209,204,240,273,251,363,209,204,184,284,142,336
230,83,213,109,209,204,240,273,251,363,209,204,184,284,141,336
230,83,213,110,209,204,240,273,251,363,209,204,184,284,141,336
230,83,209,112,208,203,240,273,251,363,208,203,184,284,141,336
229,83,210,112,208,204,240,273,251,363,203,205,184,285,140,336
229,83,209,112,208,204,240,272,251,363,203,204,184,285,140,336
229,83,210,112,208,204,240,272,250,363,203,205,184,285,140,336
229,83,210,112,208,204,240,273,250,363,203,204,184,285,140,336
228,83,210,112,208,205,240,272,250,363,203,205,184,285,140,336
228,84,210,112,208,205,240,272,250,363,203,205,184,285,140,336
228,84,211,112,208,206,240,272,250,363,204,206,184,286,140,336
228,84,211,112,208,208,240,270,250,363,205,206,184,289,140,336
228,85,211,113,208,209,241,272,250,363,205,206,184,292,140,336
228,84,211,114,208,210,242,270,250,363,203,211,184,293,140,334
225,82,212,115,208,214,242,270,250,363,204,214,184,296,140,334
227,88,210,120,208,216,245,272,249,363,205,214,184,300,140,334
228,91,211,121,209,218,246,272,249,363,204,218,184,302,140,336
227,92,212,123,209,222,248,272,249,362,203,221,184,305,140,336
229,96,209,128,210,225,248,272,249,362,203,225,184,310,139,336
229,101,211,130,211,229,248,270,249,363,203,229,184,313,139,336
228,104,211,132,210,231,248,272,249,362,203,231,184,319,138,336
229,105,210,137,211,235,248,272,249,362,203,236,184,321,138,334
228,108,211,139,210,239,249,272,249,363,202,239,184,328,139,334
229,112,208,144,210,242,249,271,248,362,202,243,184,328,139,334
229,113,210,147,210,244,250,272,249,362,202,244,202,328,139,334
224,112,210,148,210,248,251,272,248,362,201,250,184,337,139,334
228,121,209,154,211,249,251,272,248,363,202,249,184,338,140,333
228,122,210,155,211,252,251,273,248,363,203,253,200,338,141,333
228,128,210,156,210,254,251,273,248,363,204,256,184,345,141,334
228,129,209,162,210,256,251,273,248,363,203,257,201,345,141,333
228,130,210,164,211,258,251,274,248,362,203,260,184,348,141,333
227,130,209,165,211,261,251,273,248,362,203,263,184,350,144,334
226,129,209,166,211,262,251,273,248,362,202,263,185,350,144,333
225,129,209,166,211,262,251,273,248,362,202,263,201,350,144,333
225,129,209,166,211,262,251,273,248,363,202,263,185,350,144,334
226,130,209,165,211,262,251,273,248,363,202,263,185,350,144,333
228,130,209,164,211,260,250,274,248,363,202,261,184,349,144,333
227,130,209,163,211,257,251,274,248,363,202,258,184,347,141,333
227,128,210,158,210,254,251,274,248,363,203,258,201,347,140,334
225,121,210,155,211,252,251,273,248,363,203,253,201,347,140,333
227,122,209,153,210,249,250,272,248,363,202,249,200,347,140,333
226,120,210,149,211,247,250,272,249,363,203,247,184,336,140,333
227,113,210,147,210,242,250,272,249,363,202,242,184,329,139,334
227,112,210,140,210,240,249,272,249,363,202,241,184,326,139,335
227,108,210,138,211,236,248,272,249,363,203,236,184,320,138,336
227,104,208,136,211,232,248,272,249,363,204,231,184,318,138,336
227,102,210,131,211,229,248,272,249,364,203,229,184,312,138,336
228,99,209,129,211,225,248,273,249,363,203,225,184,310,139,336
225,93,210,125,210,223,248,272,249,363,203,222,184,303,139,336
226,94,210,122,210,218,244,270,249,363,204,217,184,301,139,336
226,91,210,120,209,216,242,270,249,363,205,214,184,296,139,336
227,88,211,116,208,212,241,270,249,364,204,212,184,293,140,336
226,85,211,114,208,210,240,270,249,364,204,210,184,291,140,336
227,85,211,113,208,208,240,272,249,364,202,209,184,289,140,336
227,84,211,112,208,208,240,272,249,364,204,207,184,285,140,336
227,82,209,112,208,208,240,273,249,363,204,206,183,285,140,336
227,82,208,112,208,206,240,274,249,363,203,205,182,284,140,336
227,81,208,112,209,206,240,274,249,363,203,205,182,284,140,336
227,82,208,112,209,206,240,274,249,363,203,204,182,284,140,336
227,82,208,112,209,206,240,274,249,364,202,204,182,284,140,336
227,82,208,112,209,206,240,274,249,364,202,205,182,284,140,336
227,82,208,112,209,206,240,274,249,364,202,205,182,285,140,336
228,82,208,112,208,208,240,274,249,364,203,206,182,285,139,336
227,83,209,112,208,208,240,273,249,364,203,206,183,285,140,336
227,83,210,112,208,208,240,273,249,364,204,207,184,285,140,336
227,84,210,112,208,208,240,273,249,364,204,207,184,286,140,336
227,84,211,112,208,208,240,273,249,364,203,209,184,290,140,336
227,85,211,113,208,209,241,272,249,364,204,209,184,291,140,336
227,84,211,113,209,210,241,272,249,364,204,210,184,293,140,336
227,88,211,115,208,213,242,272,249,364,204,213,184,294,140,336
227,89,208,120,209,216,243,272,249,364,202,216,184,297,140,336
227,91,211,120,210,218,244,272,249,364,204,217,184,302,139,336
227,93,211,122,210,222,245,272,249,364,203,221,184,304,139,336
228,96,208,128,209,224,246,272,249,364,201,223,184,309,139,336
229,100,210,129,210,226,248,273,249,364,203,225,184,312,139,336
228,101,210,131,210,230,248,273,249,364,203,230,184,316,139,336
228,104,210,133,210,232,248,273,249,364,203,231,184,320,139,336
228,108,210,138,210,237,248,273,248,364,202,236,184,322,139,336
225,105,210,139,210,240,248,273,248,364,202,241,184,328,139,336
229,112,209,145,210,242,249,274,248,365,202,242,184,329,139,335
226,113,210,147,210,244,249,274,249,365,201,244,184,336,139,335
227,120,210,148,211,247,250,274,248,365,201,249,184,336,139,335
227,121,209,153,210,249,250,274,248,364,202,249,184,336,139,335
226,122,210,155,210,251,250,274,248,365,202,253,200,336,139,334
227,128,210,157,210,254,250,274,248,365,202,258,200,336,140,336
227,129,208,162,210,256,250,274,248,364,202,258,184,347,141,336
228,130,209,164,211,258,249,274,248,364,202,260,184,348,141,336
227,130,209,165,211,261,250,274,248,364,202,262,184,350,141,336
225,129,209,166,211,262,250,274,248,364,201,265,184,350,141,336
224,129,208,169,210,262,250,274,248,364,202,265,184,352,141,336
228,136,208,169,210,262,250,274,248,364,202,265,184,353,141,336
227,136,208,170,208,264,250,274,248,364,202,265,184,353,141,336
227,137,208,170,209,264,250,273,248,364,202,265,184,354,141,336
227,137,209,170,209,264,250,273,248,364,202,265,184,354,141,336
227,136,208,170,209,262,251,274,248,364,202,265,184,353,141,336
224,130,208,169,210,262,250,274,248,364,202,265,184,353,141,336
225,129,209,166,210,263,250,274,248,365,202,265,184,349,141,336
227,130,209,165,211,261,250,274,248,365,203,262,184,348,141,336
227,130,209,163,210,257,250,274,248,365,202,259,184,346,141,336
226,128,209,157,210,254,250,274,248,365,202,257,200,346,140,336
227,122,210,155,210,251,250,274,248,365,203,252,200,346,140,336
226,121,208,152,210,248,250,273,249,365,202,248,184,336,139,336
226,113,210,147,210,244,250,274,248,365,202,245,184,330,139,336
227,112,205,146,210,241,249,273,248,365,201,241,184,328,138,336
225,108,206,140,211,238,248,273,249,365,202,238,184,320,138,336
227,105,205,138,210,232,248,273,249,364,202,234,184,319,138,336
227,102,209,130,211,230,248,273,249,364,202,230,184,313,138,336
227,99,209,128,210,225,248,273,249,364,202,226,184,310,138,336
226,95,210,124,210,224,246,272,249,364,202,223,184,303,138,336
226,93,209,121,209,219,243,270,249,364,203,219,184,301,138,336
225,90,210,120,209,216,242,270,249,364,204,217,184,297,139,336
226,88,209,116,208,214,241,270,249,364,204,214,184,293,139,336
225,85,209,113,209,212,240,270,249,364,204,212,182,292,140,336
226,84,209,112,209,210,240,272,249,364,204,210,182,289,140,336
227,84,209,112,209,209,240,272,249,364,203,209,182,286,140,336
226,83,209,112,208,208,240,273,249,364,203,207,182,285,140,336
226,84,209,112,208,208,240,274,249,364,202,207,182,284,140,336
226,83,208,112,208,208,240,274,249,364,202,207,182,284,140,336
226,83,208,112,208,208,240,274,249,364,202,206,182,284,140,336
226,83,208,112,208,208,240,274,249,364,202,206,182,284,140,336
226,83,208,112,208,208,240,274,249,364,202,206,182,284,140,336
226,83,209,112,208,208,240,274,249,364,203,206,182,285,140,336
226,83,209,112,208,208,240,273,249,364,203,207,182,285,140,336
227,83,210,112,208,208,240,273,249,364,203,207,182,285,139,336
227,84,210,112,209,209,240,273,249,364,202,209,182,286,139,336
227,84,211,112,209,210,240,273,249,364,203,209,182,288,139,336
228,85,211,112,210,213,240,272,249,364,202,211,182,290,140,336
227,84,211,113,210,213,240,272,249,364,204,211,184,291,140,336
227,88,211,115,209,216,240,270,249,364,203,212,183,294,140,336
228,89,211,116,209,217,242,272,249,364,204,216,183,295,139,336
228,90,210,120,209,220,242,270,249,364,203,218,184,298,139,336
228,93,211,120,209,221,244,272,249,364,204,219,184,301,139,336
226,89,211,122,210,222,245,272,249,364,204,221,184,303,139,336
229,98,211,125,210,225,246,272,249,364,202,224,184,305,139,336
230,100,211,128,211,227,248,273,249,363,203,226,184,310,139,336
229,104,211,129,211,229,248,273,249,364,204,229,184,312,138,336
230,104,211,132,211,232,248,273,249,364,203,232,184,315,138,336
230,105,210,136,210,234,248,273,249,364,203,235,184,320,138,337
230,104,210,138,212,238,248,273,249,364,204,238,184,321,138,337
230,112,210,140,211,239,248,273,248,364,203,239,184,326,138,336
231,112,210,145,210,240,249,273,248,364,204,241,184,328,139,335
230,120,211,147,211,244,249,273,248,364,203,245,184,331,139,334
229,121,211,150,211,246,250,273,248,364,204,247,184,336,139,334
230,123,212,153,211,248,251,273,248,363,204,251,184,337,139,333
230,121,213,154,213,249,251,272,248,363,204,251,201,337,139,333
230,128,213,156,212,251,251,273,248,363,204,253,201,337,139,333
229,130,213,157,212,254,251,273,248,363,205,256,203,337,140,333
230,131,211,162,212,257,251,273,248,363,204,259,184,345,141,336
230,131,212,163,213,259,251,273,248,363,204,262,184,346,141,336
231,129,212,164,213,262,251,273,248,363,204,263,184,348,141,336
230,136,213,166,212,263,251,273,248,362,205,266,204,348,144,336
230,137,211,169,212,264,252,273,249,363,205,265,185,352,144,336
230,138,213,169,211,265,252,273,249,363,204,266,184,352,144,336
229,139,213,170,212,265,252,272,249,362,204,267,184,353,144,336
230,139,213,171,211,267,252,272,249,362,204,268,184,354,145,336
230,140,213,172,212,267,253,272,249,362,204,268,184,354,145,336
230,140,213,173,212,268,253,272,248,362,204,269,184,355,145,336
229,140,214,173,212,268,253,272,248,362,204,269,184,355,145,336
229,139,213,174,212,269,253,272,248,362,204,270,184,356,145,336
229,139,213,173,212,269,253,272,248,362,204,270,184,355,145,336
230,140,213,173,212,268,253,272,248,362,204,270,184,355,145,336
230,140,214,173,213,268,253,272,248,362,204,269,184,354,145,336
229,139,213,171,212,267,253,272,248,362,204,268,184,352,145,336
229,138,213,170,212,265,253,272,249,362,204,266,185,352,144,334
230,129,213,166,211,264,252,272,249,362,205,265,184,349,144,334
230,129,213,164,211,260,251,270,249,362,211,260,184,347,144,334
228,129,213,164,209,257,253,272,249,362,209,257,185,344,144,334
230,120,213,157,211,251,252,270,249,362,206,254,204,344,144,334
228,121,212,154,210,249,252,270,249,362,210,249,184,338,144,334
231,112,212,149,209,245,252,269,249,363,209,245,203,338,141,333
229,112,212,146,209,241,251,269,249,363,209,241,185,328,140,333
226,112,211,140,210,239,250,269,249,363,205,239,184,325,140,333
225,104,211,137,211,235,249,270,249,363,205,238,184,320,139,334
218,97,211,131,210,231,248,270,249,362,204,231,185,316,140,334
222,97,211,128,211,229,248,270,249,362,205,228,184,311,140,334
218,88,211,125,211,225,248,270,249,361,204,226,184,306,140,333
223,90,210,121,210,222,248,270,249,361,204,223,184,303,140,332
222,84,204,120,210,220,244,269,250,361,204,220,184,299,140,332
221,84,204,116,209,216,243,268,250,361,206,216,184,295,140,331
220,83,204,113,209,216,241,268,250,362,209,214,183,294,140,331
221,81,204,112,208,213,240,268,250,361,205,213,184,291,140,331
221,75,203,112,208,210,240,269,250,361,204,210,184,289,141,332
219,74,202,112,208,210,240,269,250,361,204,209,184,286,141,332
219,75,204,109,208,208,240,270,250,360,204,206,183,286,141,332
219,76,204,108,208,208,240,270,250,360,204,206,183,286,141,332
219,76,204,107,204,205,239,270,249,360,204,205,183,285,141,331
219,75,204,107,204,205,239,270,249,360,204,205,183,285,141,331
218,75,204,107,204,205,238,270,249,360,204,205,183,285,141,331
218,75,204,107,204,205,239,272,249,360,204,205,182,285,141,332
218,75,204,107,204,205,239,272,249,361,204,205,182,285,141,332
218,75,204,107,204,205,239,272,249,361,204,205,182,285,141,332
218,75,204,107,204,205,239,272,249,361,204,205,182,285,141,332
218,75,204,107,204,205,239,272,249,361,204,205,182,286,141,332
218,75,204,107,203,206,238,270,249,361,203,206,182,286,141,332
217,76,204,107,203,206,239,270,249,361,203,206,182,286,141,332
217,75,204,108,204,206,239,270,249,361,204,206,183,286,141,332
217,76,204,109,204,206,240,270,249,361,204,208,183,286,141,332
217,75,204,109,208,209,240,270,249,361,203,208,183,286,140,332
218,75,204,110,208,209,240,270,249,360,203,208,184,286,140,332
219,74,204,110,208,210,240,270,249,360,203,209,184,286,141,332
221,73,202,112,208,210,240,269,249,360,204,209,184,286,141,332
221,74,203,112,208,210,240,269,249,360,203,209,184,286,140,332
221,81,204,112,208,211,240,269,250,360,203,210,184,288,140,332
221,83,204,113,208,210,240,269,250,360,203,209,184,290,140,332
223,84,204,113,208,211,240,269,250,360,202,210,184,291,140,332
227,86,211,112,208,213,240,269,250,360,203,212,184,291,140,332
230,81,213,114,208,214,240,269,250,360,203,214,184,292,140,332
225,81,213,116,208,214,240,268,250,358,203,214,184,292,140,332
232,90,213,116,209,216,241,269,250,358,202,215,184,293,140,332
238,91,214,121,209,217,241,269,250,358,203,216,184,294,140,332
240,90,221,121,210,218,243,269,250,358,202,216,184,294,140,331
241,96,221,122,210,218,244,269,250,358,202,216,184,296,140,331
244,99,222,123,210,218,244,268,250,358,202,217,184,296,140,331
248,96,222,123,211,217,245,268,250,358,202,216,184,296,140,331
249,97,226,125,211,217,245,268,251,358,203,217,184,296,140,332
251,97,228,125,212,218,245,269,251,358,204,217,184,294,140,331
252,98,224,128,212,218,245,269,250,358,204,217,184,294,140,331
253,99,225,128,212,217,245,269,251,357,204,216,184,294,140,331
251,99,229,124,212,217,246,269,251,357,204,216,184,293,140,331
249,99,230,124,212,217,246,269,250,357,205,216,184,293,140,331
249,99,229,124,212,218,246,269,250,357,205,216,184,293,140,331
250,100,229,124,213,218,246,269,250,357,205,216,184,293,140,331
251,101,229,123,213,217,246,269,250,357,205,216,184,293,140,331
250,100,229,123,213,217,246,268,251,358,205,216,184,293,140,331
249,99,228,122,213,217,246,268,251,358,205,216,184,293,140,331
248,99,227,122,213,217,246,268,250,358,205,216,184,293,141,331
248,91,223,122,213,217,248,269,250,358,205,216,184,293,141,331
248,91,222,122,213,217,248,268,250,357,205,216,184,293,140,331
243,89,222,121,213,217,248,268,250,357,205,216,184,294,140,331
